,epoch,loss,acc
0,0,0.022077549372911454,0.47224
